INSERT INTO `authorize_company` (`id`,`company_name`,`business_category`,`company_describe`,`company_picture_url`,`real_name`,`mobile`,`friendship_link`,`state`,`user_id`,`browse_volume`,`create_user`,`create_date`,`update_user`,`update_date`)
VALUES (1,'达芬奇公司',1,'<p>致力于画画</p>','/upload/image/2020/2/12/8f5d7b89a585435baa9f2e23fa49f806.jpg,',NULL,NULL,NULL,2,1,4,'admin','2020-01-15 12:31:13','admin','2020-02-12 09:45:22'),
(2,'牛顿公司',3,'<p><span style=\"text-decoration: underline; color: rgb(217, 150, 148);\"><em><strong>致力于苹果掉在脑袋上</strong></em></span></p>','/upload/image/2020/2/12/899b803ade074e56b537f1619ecc2ec4.jpg',NULL,NULL,NULL,1,1,3,'admin','2020-01-15 12:32:31','admin','2020-02-12 09:46:13'),
(7,'要工工工工aa',2,'<p>aacc要工工工工要工工工工要工工工工要工工工工要工工工工要工工工工要工工工工要工工工工要工工工工要工工工工要工工工工要工工工工要工工工工要工工工工要工工工工要工工工工要工工工工要工工工工要工工工工要工工工工要工工工工要工工工工要工工工工要工工工工要工工工工要工工工工要工工工工要工工工工要工工工工要工工工工要工工工工要工工工工要工工工工要工工工工要工工工工要工工工工要工工工工要工工工工要工工工工要工工工工要工工工工要工工工工要工工工工要工工工工要工工工工要工工工工要工工工工要工工工工要工工工工要工工工工要工工工工要工工工工要工工工工要工工工工要工工工工要工工工工要工工工工要工工工工要工工工工要工工工工要工工工工要工工工工要工工工工要工工工工要工工工工要工工工工要工工工工要工工工工要工工工工要工工工工要工工工工要工工工工要工工工工要工工工工要工工工工要工工工工要工工工工要工工工工要工工工工要工工工工要工工工工要工工工工要工工工工要工工工工要工工工工要工工工工要工工工工要工工工工要工工工工要工工工工要工工工工要工工工工要工工工工要工工工工要工工工工要工工工工要工工工工要工工工工要工工工工要工工工工要工工工工要工工工工要工工工工要工工工工要工工工工要工工工工要工工工工要工工工工要工工工工要工工工工要工工工工要工工工工要工工工工要工工工工要工工工工要工工工工要工工工工要工工工工要工工工工要工工工工要工工工工要工工工工要工工工工要工工工工要工工工工要工工工工</p>','/upload/image/2020/2/13/4b111cfa7df14a63ad3502eabc4e4d96.jpg,',NULL,NULL,NULL,2,1,11,'admin','2020-02-13 19:59:12','admin','2020-02-17 08:45:35'),
(8,'aaccdd',2,'<p>ddaacc</p>','/upload/image/2020/2/17/5b118df79fcd4e4f8f4fe3a38ca0542f.jpg,',NULL,NULL,NULL,1,1,0,'admin','2020-02-17 08:45:04','admin','2020-02-17 16:01:40'),
(9,'海氏海诺',1,'<p>医用酒精消毒棉片医用酒精消毒棉片医用酒精消毒棉片医用酒精消毒棉片医用酒精消毒棉片医用酒精消毒棉片医用酒精消毒棉片医用酒精消毒棉片</p>','/upload/image/2020/2/17/96b61ff383f74ff9bc5c4ddd7df0641c.jpg,',NULL,NULL,NULL,2,1,0,'admin','2020-02-17 16:00:45',NULL,NULL),
(10,'华为手机公司',1,'<p>华为手机公司华为手机公司华为手机公司华为手机公司华为手机公司华为手机公司</p>','/upload/image/2020/2/17/8514f0c12aec41c0a5f8ffe5490aca54.jpg,',NULL,NULL,NULL,1,1,0,'admin','2020-02-17 17:39:04',NULL,NULL),
(12,'卖了卖了',1,'<p>卖了卖了卖了卖了卖了卖了卖了卖了卖了卖了卖了卖了卖了卖了卖了卖了卖了卖了</p>','/upload/image/2020/2/21/efaa6499c3904a3b8d4c4ab9a01a2906.jpg,',NULL,NULL,NULL,2,1,0,'admin','2020-02-21 16:51:24',NULL,NULL),
(13,'卖了卖了1111',1,'<p>卖了卖了1111卖了卖了1111卖了卖了1111卖了卖了1111卖了卖了1111卖了卖了1111卖了卖了1111卖了卖了1111</p>','/upload/image/2020/2/21/f57523229a3249ff9e9988c51cc1725b.jpg,',NULL,NULL,NULL,1,1,2,'admin','2020-02-21 17:06:14','admin','2020-02-21 17:06:37'),
(14,'121',1,'<p>3213</p>','',NULL,NULL,NULL,2,1,0,'admin','2020-02-27 21:01:42','admin','2020-03-12 14:52:52'),
(16,'土巴免公司',1,'<p>鑫</p>','','李四','17330538879','www.zz.com',1,1,1,'admin','2020-03-12 17:38:30','admin','2020-03-26 21:16:56');



INSERT INTO `authorize_site` (`id`,`address_url`,`site_picture_url`,`end_time`,`site_type`,`create_user`,`create_date`,`update_user`,`update_date`)
VALUES (9,'https://www.baidu.com','/upload/image/2020/3/13/a22052f8fbf8429199336bc644a3a55f.jpg,','2020-03-31 00:00:00',1,'admin','2020-01-17 13:43:13','admin','2020-03-13 15:16:43'),
(11,'www.taobao.com','/upload/image/2020/2/18/bd5f146c6d77495a91f970c13cfe9020.jpg,',NULL,1,'admin','2020-02-18 09:18:25',NULL,NULL),
(12,'www.baidu.com','/upload/image/2020/2/18/3b005bedd0184e719b484d813da23ab3.jpg,',NULL,1,'admin','2020-02-18 09:18:56',NULL,NULL),
(13,'www.baidu.com','/upload/image/2020/2/18/f99136a61b634d13b95839bccd5feebc.jpg,',NULL,1,'admin','2020-02-18 09:19:35',NULL,NULL),
(14,'www.baidu.com','/upload/image/2020/2/18/7627090e9b9b459b9aa75aa5e1042787.jpg,',NULL,1,'admin','2020-02-18 09:20:20','admin','2020-02-18 09:20:51'),
(15,'www.baidu.com','/upload/image/2020/2/18/48614530b7d44d5daaa992799097148c.jpg,',NULL,1,'admin','2020-02-18 09:21:19',NULL,NULL),
(35,'www.baidu.com','/upload/image/2020/3/5/5c1e68551e6749afba3b85feb6885391.jpg,','2020-03-31 15:27:12',2,'admin','2020-03-05 15:27:25',NULL,NULL),
(36,'www.baidu.com','/upload/image/2020/3/5/6f6e79dc596b41c2bcca490880f73d2d.jpg,','2020-03-31 00:00:00',2,'admin','2020-03-05 15:28:05',NULL,NULL),
(37,'www.baidu.com','/upload/image/2020/3/5/e6ef29dd6cb94bc0ae4554c7ee667d08.jpg,','2020-03-31 00:00:00',2,'admin','2020-03-05 15:28:41',NULL,NULL),
(39,'www.baidu.com','/upload/image/2020/3/5/d8a1eb0e229642178b44cfe091a0936e.jpg,','2020-03-31 00:00:00',2,'admin','2020-03-05 15:55:28',NULL,NULL),
(40,'www.baidu.com','/upload/image/2020/3/5/db006af1116c484bb7c03ce63d1770f5.jpg,','2020-03-31 00:00:00',5,'admin','2020-03-05 15:58:00',NULL,NULL),
(41,'www.baidu.com','/upload/image/2020/3/5/e16d455d0855464e990fa4d82b34179f.jpg,','2020-03-31 00:00:00',3,'admin','2020-03-05 15:59:13',NULL,NULL),
(42,'www.baidu.com','/upload/image/2020/3/5/9b4453b8210d400fada629223a12e583.jpg,','2020-03-31 00:00:00',4,'admin','2020-03-05 15:59:43',NULL,NULL),
(43,'www.baidu.com','/upload/image/2020/3/7/f558e516f59641b7b674af5ff72eb7a7.jpg,','2020-03-31 00:00:00',3,'admin','2020-03-07 10:47:46',NULL,NULL),
(44,'www.baidu.com','/upload/image/2020/3/7/8237cee9f5104286b828492590b75cbe.jpg,','2020-03-31 00:00:00',3,'admin','2020-03-07 10:48:34',NULL,NULL),
(45,'wwww','/upload/image/2020/3/7/c1fa95edbe574a7c8b4616362d0b8be5.jpg,','2020-03-31 00:00:00',3,'admin','2020-03-07 10:49:39',NULL,NULL),
(48,'www','/upload/image/2020/3/7/c199319a0d5c40dfbc2787e5827ae86d.jpg,','2020-03-31 00:00:00',4,'admin','2020-03-07 10:58:44',NULL,NULL),
(49,'zxczca','/upload/image/2020/3/7/d1256d47f50e4f52913170c5e77b2122.jpg,','2020-03-31 00:00:00',4,'admin','2020-03-07 10:59:13',NULL,NULL),
(50,'asdad','/upload/image/2020/3/7/4e1e8e40011843ae93bd0b72d203102c.png,','2020-03-30 00:00:00',4,'admin','2020-03-07 11:00:03',NULL,NULL),
(51,'wwww','/upload/image/2020/3/7/9d0993d780ba408dbd1d5b8a6cce79b3.png,','2020-03-27 00:00:00',4,'admin','2020-03-07 11:01:16',NULL,NULL),
(52,'wwww','/upload/image/2020/3/7/cc68294b83d946768a5c2542b3cffdb3.jpg,','2020-03-31 00:00:00',4,'admin','2020-03-07 11:01:53',NULL,NULL),
(53,'www','/upload/image/2020/3/7/264ed21c49354c6a8beffea37acfd23e.jpg,','2020-03-31 00:00:00',4,'admin','2020-03-07 11:03:01',NULL,NULL),
(54,'www','/upload/image/2020/3/7/5c65c6123af9493bba0871f343d5686a.jpg,','2020-03-31 00:00:00',4,'admin','2020-03-07 11:07:52',NULL,NULL),
(55,'wwww','/upload/image/2020/3/7/46ea3b4b7a94436198c5f7a954678a54.jpg,','2020-03-31 00:00:00',4,'admin','2020-03-07 11:08:25',NULL,NULL),
(56,'wwww','/upload/image/2020/3/7/351a608197bf49468f34c9a318db6bd8.jpg,','2020-03-31 00:00:00',4,'admin','2020-03-07 11:13:02',NULL,NULL),
(57,'wwww','/upload/image/2020/3/7/638dde57212a40e98b3e2fba64591896.jpg,','2020-03-31 00:00:00',4,'admin','2020-03-07 11:13:42',NULL,NULL),
(58,'www','/upload/image/2020/3/7/a62cfeae168d4d9c9413834a3d8b383e.jpg,','2020-03-31 00:00:00',4,'admin','2020-03-07 11:14:28',NULL,NULL),
(59,'wwww','/upload/image/2020/3/7/a6b9b095a87147c1a9eb8ab0f79fe593.jpg,','2020-03-31 00:00:00',4,'admin','2020-03-07 11:18:10',NULL,NULL),
(60,'wwww','/upload/image/2020/3/7/140fa2b2a10d4f68952e8aac5fd685d7.png,','2020-03-31 00:00:00',4,'admin','2020-03-07 11:18:39',NULL,NULL),
(67,'www','/upload/image/2020/3/9/66077f2ea6ce461aa8548966a9477a8e.jpg,','2020-03-31 00:00:00',4,'admin','2020-03-09 11:28:42',NULL,NULL),
(68,'jjn','/upload/image/2020/3/9/258eb70c8cf841cb811095c75f228574.jpg,','2020-03-31 00:00:00',3,'admin','2020-03-09 11:29:08',NULL,NULL);



INSERT INTO `business_browse` (`id`,`module_type`,`module_type_id`,`visitor_id`,`publisher_id`,`create_user`,`create_date`,`update_user`,`update_date`)
VALUES (6,2,1,11,1,'long123','2020-02-27 16:49:21',NULL,NULL),
(7,3,1,11,1,'long123','2020-02-27 16:51:37',NULL,NULL),
(21,2,13,11,1,'long123','2020-03-09 11:17:36',NULL,NULL),
(23,1,63,12,1,'123aaa','2020-03-26 12:13:16',NULL,NULL),
(24,1,67,12,1,'123aaa','2020-03-26 20:20:42',NULL,NULL),
(25,3,13,12,1,'123aaa','2020-03-26 20:21:06',NULL,NULL),
(26,1,53,12,1,'123aaa','2020-03-26 20:26:27',NULL,NULL),
(27,2,16,12,1,'123aaa','2020-03-26 20:34:48',NULL,NULL);



INSERT INTO `business_collected` (`id`,`module_type`,`module_type_id`,`user_id`,`create_user`,`create_date`,`update_user`,`update_date`)
VALUES (68,2,2,11,'long123','2020-02-21 20:19:22',NULL,NULL),
(69,2,1,11,'long123','2020-02-21 20:42:38',NULL,NULL),
(70,2,7,11,'long123','2020-02-21 20:42:49',NULL,NULL),
(71,3,1,11,'long123','2020-02-21 20:43:08',NULL,NULL),
(72,3,3,11,'long123','2020-02-21 20:43:18',NULL,NULL),
(79,3,17,1,'admin','2020-02-29 21:49:07',NULL,NULL),
(84,1,63,1,'admin','2020-03-26 15:32:22',NULL,NULL);



INSERT INTO `intellectual_task` (`id`,`product_name`,`product_brief`,`product_details`,`patent_number`,`product_category`,`industry_category`,`product_picture_url`,`product_video_url`,`real_name`,`mobile`,`state`,`user_id`,`browse_volume`,`create_user`,`create_date`,`update_user`,`update_date`)
VALUES (50,'fds23',NULL,'<p>fdsf1234</p>','fsd2134',2,2,'','','dfs','13730359752',2,1,0,'admin','2020-03-11 09:42:50','admin','2020-03-11 09:44:13'),
(51,'一次性口罩','全新的一次性口罩','<p>就反过来；金刚狼叫阿里肯定就发了你看据了解了解拉进来空间费蓝精灵据了解了</p>','489461112',1,1,'','','张三','18733508317',2,1,0,'admin','2020-03-12 14:54:52',NULL,NULL),
(52,'一次性口罩','全新的一次性口罩','<p>就反过来；金刚狼叫阿里肯定就发了你看据了解了解拉进来空间费蓝精灵据了解了</p>','489461112',1,1,'','','张三','18733508317',2,1,0,'admin','2020-03-12 14:59:33',NULL,NULL),
(53,'一次性口罩','全新的一次性口罩','<p>就反过来；金刚狼叫阿里肯定就发了你看据了解了解拉进来空间费蓝精灵据了解了</p>','489461112',1,1,'','','张三','18733508317',2,1,1,'admin','2020-03-12 14:59:40',NULL,NULL),
(54,'一次性口罩','全新的一次性口罩','<p>就反过来；金刚狼叫阿里肯定就发了你看据了解了解拉进来空间费蓝精灵据了解了</p>','489461112',1,1,'','','张三','18733508317',2,1,0,'admin','2020-03-12 14:59:56',NULL,NULL),
(55,'一次性口罩','全新的一次性口罩','<p>就反过来；金刚狼叫阿里肯定就发了你看据了解了解拉进来空间费蓝精灵据了解了</p>','489461112',1,1,'','','张三','18733508317',2,1,0,'admin','2020-03-12 14:59:58',NULL,NULL),
(56,'一次性口罩','全新的一次性口罩','<p>就反过来；金刚狼叫阿里肯定就发了你看据了解了解拉进来空间费蓝精灵据了解了</p>','489461112',1,1,'','','张三','18733508317',2,1,0,'admin','2020-03-12 14:59:59',NULL,NULL),
(57,'一次性口罩','全新的一次性口罩','<p>就反过来；金刚狼叫阿里肯定就发了你看据了解了解拉进来空间费蓝精灵据了解了</p>','489461112',1,1,'','','张三','18733508317',2,1,0,'admin','2020-03-12 14:59:59',NULL,NULL),
(58,'一次性口罩','全新的一次性口罩','<p>就反过来；金刚狼叫阿里肯定就发了你看据了解了解拉进来空间费蓝精灵据了解了</p>','489461112',1,1,'','','张三','18733508317',2,1,0,'admin','2020-03-12 14:59:59',NULL,NULL),
(59,'一次性口罩','全新的一次性口罩','<p>就反过来；金刚狼叫阿里肯定就发了你看据了解了解拉进来空间费蓝精灵据了解了</p>','489461112',1,1,'','','张三','18733508317',2,1,0,'admin','2020-03-12 14:59:59',NULL,NULL),
(60,'一次性口罩','全新的一次性口罩','<p>就反过来；金刚狼叫阿里肯定就发了你看据了解了解拉进来空间费蓝精灵据了解了</p>','489461112',1,1,'','','张三','18733508317',2,1,0,'admin','2020-03-14 14:59:59',NULL,NULL),
(61,'一次性口罩','全新的一次性口罩','<p>就反过来；金刚狼叫阿里肯定就发了你看据了解了解拉进来空间费蓝精灵据了解了</p>','489461112',1,1,'','','张三','18733508317',2,1,0,'admin','2020-03-13 15:00:00',NULL,NULL),
(62,'一次性口罩','全新的一次性口罩','<p>就反过来；金刚狼叫阿里肯定就发了你看据了解了解拉进来空间费蓝精灵据了解了</p>','489461112',1,1,'','','张三','18733508317',2,1,0,'admin','2020-03-12 15:00:01',NULL,NULL),
(63,'一次性口罩','全新的一次性口罩','<p>就反过来；金刚狼叫阿里肯定就发了你看据了解了解拉进来空间费蓝精灵据了解了</p>','',1,1,'','','张三','18733508317',2,1,13,'admin','2020-03-21 15:00:01','admin','2020-03-26 21:29:24'),
(66,'知道我工经的工的',NULL,'<p>qqqq</p>','323232141546435',1,1,'','','李四','17330538879',2,1,0,'admin','2020-03-22 16:58:18','admin','2020-03-12 17:01:58'),
(67,'知道我工经的工的',NULL,'<p>aaaa</p>','323232141546435',1,1,'','','李四','17330538879',2,1,1,'admin','2020-03-26 15:46:29',NULL,NULL),
(68,'aaaaaaa',NULL,'<p>asasadsdsdsdsa<br/></p>','323232141546435',1,1,'/img/tab1-1.png','','李四','13730359322',2,1,0,'admin','2020-03-27 09:28:49',NULL,NULL),
(69,'知道我工经的工的',NULL,'<p>hfjfbhbjhgjgjhgjgjgxfcbchgdhf</p>','',1,1,'/upload/image/2020/3/27/174bbec8c0ca4850ac483f2a46f6dc38.jpg,','','李四','13730359312',2,1,0,'admin','2020-03-27 09:32:24',NULL,NULL);



INSERT INTO `leave_message` (`id`,`message`,`message_state`,`real_name`,`mobile`,`mail_address`,`create_user`,`create_date`,`update_user`,`update_date`)
VALUES (1,'hello',0,NULL,NULL,NULL,'admin','2020-01-20 09:55:38',NULL,NULL),
(2,'213213',0,NULL,NULL,NULL,'admin','2020-01-21 17:57:25',NULL,NULL),
(3,'aaaaaaaaaa',1,NULL,NULL,NULL,'admin','2020-02-18 17:07:43',NULL,NULL),
(4,'aaaaaaqqweasdsadasdasdas ',1,NULL,NULL,NULL,'admin','2020-02-18 17:12:30',NULL,NULL),
(6,'eqewacwqazcweasdasdasda',1,NULL,NULL,NULL,'admin','2020-02-18 17:17:45',NULL,NULL),
(11,'qweasdwqeweqeqeasdasdazc',0,NULL,NULL,NULL,'admin','2020-02-18 17:35:22',NULL,NULL),
(12,'qweasdwqeweqeqeasdasdazc',1,NULL,NULL,NULL,'admin','2020-02-18 17:35:27',NULL,NULL),
(13,'qweasdwqeweqeqeasdasdazc',0,NULL,NULL,NULL,'admin','2020-02-18 17:36:18',NULL,NULL),
(14,'aaawqezzcadagereasada',1,NULL,NULL,NULL,'admin','2020-02-18 17:37:13',NULL,NULL),
(15,'asadaasdsadzxcwd',1,NULL,NULL,NULL,'admin','2020-02-18 17:39:08',NULL,NULL),
(16,'导入数据',0,'张三','13023453245','aaa@qq.com','admin','2020-03-09 12:58:00',NULL,NULL),
(17,'adasdsdadasdasd',0,'李四','17330538879','1','admin','2020-03-26 20:55:05','admin','2020-03-26 21:02:16'),
(18,'菩萨顶原梓菲工',0,'李四','12345678900','1232@qq.com','admin','2020-03-26 21:03:09',NULL,NULL),
(19,'asdsassdaada',0,'李四','17330538879','sasdad@qq.com','admin','2020-03-26 21:22:38',NULL,NULL),
(20,'adadadad',2,'李四','1154','sasdad@qq.com','admin','2020-03-26 21:25:29',NULL,NULL);



INSERT INTO `policy_advice` (`id`,`advice_category`,`advice_title`,`advice_subtitle`,`advice_content`,`advice_picture_url`,`browse_volume`,`user_id`,`create_user`,`create_date`,`update_user`,`update_date`)
VALUES (1,2,'京东1234','京东的的的的的的 的的的的的的的的的的 的的的的的 的的的的的 的的的的 的1234','<p>打发的斯蒂芬大幅度大沙发阿斯蒂芬阿斯蒂芬阿大放送发的发生阿斯蒂芬发顺丰大法官地方公司到公司的改水电费个规范的少个是的发根深蒂固水电费是分公司<span style=\"text-decoration: underline; color: rgb(84, 141, 212);\"><em><strong>12345打发的斯蒂芬大幅度大沙发阿斯蒂芬阿斯蒂芬阿大放送发的发生阿斯蒂芬发顺丰大法官地方公司到公司的改水电费个规范的少个是的发根深蒂固水电费是分公司<span style=\"text-decoration-line: underline; color: rgb(84, 141, 212);\"><em><strong>12345</strong></em></span>打发的斯蒂芬大幅度大沙发阿斯蒂芬阿斯蒂芬阿大放送发的发生阿斯蒂芬发顺丰大法官地方公司到公司的改水电费个规范的少个是的发根深蒂固水电费是分公司<span style=\"text-decoration-line: underline; color: rgb(84, 141, 212);\"><em><strong>12345</strong></em></span>打发的斯蒂芬大幅度大沙发阿斯蒂芬阿斯蒂芬阿大放送发的发生阿斯蒂芬发顺丰大法官地方公司到公司的改水电费个规范的少个是的发根深蒂固水电费是分公司<span style=\"text-decoration-line: underline; color: rgb(84, 141, 212);\"><em><strong>12345</strong></em></span>打发的斯蒂芬大幅度大沙发阿斯蒂芬阿斯蒂芬阿大放送发的发生阿斯蒂芬发顺丰大法官地方公司到公司的改水电费个规范的少个是的发根深蒂固水电费是分公司<span style=\"text-decoration-line: underline; color: rgb(84, 141, 212);\"><em><strong>12345</strong></em></span>打发的斯蒂芬大幅度大沙发阿斯蒂芬阿斯蒂芬阿大放送发的发生阿斯蒂芬发顺丰大法官地方公司到公司的改水电费个规范的少个是的发根深蒂固水电费是分公司<span style=\"text-decoration-line: underline; color: rgb(84, 141, 212);\"><em><strong>1234打发的斯蒂芬大幅度大沙发阿斯蒂芬阿斯蒂芬阿大放送发的发生阿斯蒂芬发顺丰大法官地方公司到公司的改水电费个规范的少个是的发根深蒂固水电费是分公司<span style=\"text-decoration-line: underline; color: rgb(84, 141, 212);\"><em><strong>12345</strong></em></span>打发的斯蒂芬大幅度大沙发阿斯蒂芬阿斯蒂芬阿大放送发的发生阿斯蒂芬发顺丰大法官地方公司到公司的改水电费个规范的少个是的发根深蒂固水电费是分公司<span style=\"text-decoration-line: underline; color: rgb(84, 141, 212);\"><em><strong>12345</strong></em></span>打发的斯蒂芬大幅度大沙发阿斯蒂芬阿斯蒂芬阿大放送发的发生阿斯蒂芬发顺丰大法官地方公司到公司的改水电费个规范的少个是的发根深蒂固水电费是分公司<span style=\"text-decoration-line: underline; color: rgb(84, 141, 212);\"><em><strong>12345</strong></em></span>打发的斯蒂芬大幅度大沙发阿斯蒂芬阿斯蒂芬阿大放送发的发生阿斯蒂芬发顺丰大法官地方公司到公司的改水电费个规范的少个是的发根深蒂固水电费是分公司<span style=\"text-decoration-line: underline; color: rgb(84, 141, 212);\"><em><strong>12345</strong></em></span>打发的斯蒂芬大幅度大沙发阿斯蒂芬阿斯蒂芬阿大放送发的发生阿斯蒂芬发顺丰大法官地方公司到公司的改水电费个规范的少个是的发根深蒂固水电费是分公司<span style=\"text-decoration-line: underline; color: rgb(84, 141, 212);\"><em><strong>12345</strong></em></span></strong></em></span></strong></em></span></p>','/upload/image/2020/2/14/9dd4111fb0034ac3b029d0d79c1bc2cf.jpg,',0,0,'admin','2020-01-15 17:20:57','admin','2020-02-14 14:26:45'),
(6,3,'新闻','武汉肺炎','<p>&nbsp; &nbsp; 武汉武汉&nbsp; &nbsp; &nbsp; &nbsp; 在哪里喱顺<br/></p><p><span style=\"text-decoration: underline;\">放大镜看了附件打开拉萨</span></p><p><span style=\"text-decoration: underline;\">&nbsp; &nbsp;<em> &nbsp; &nbsp;jfkdjkfjkdjafk</em></span></p><p><strong><em><span style=\"text-decoration: underline;\">kjdkfjkkjkjkjkjkksfkd</span></em></strong></p><p><span style=\"color: rgb(31, 73, 125);\"><strong><em><span style=\"text-decoration: underline;\">fkdjkfjkdjkjkfdjkjfkdj</span></em></strong></span></p><p><span style=\"color: rgb(31, 73, 125);\"><strong><em><span style=\"text-decoration: underline;\">jkjfdkjfkdjjfkdjkfjkdjkfjd<span style=\"color: rgb(31, 73, 125); font-family: &quot;arial black&quot;, &quot;avant garde&quot;;\"></span></span></em></strong></span></p>','/upload/image/2020/2/15/ce17dd799528453cadcb9f7a7746edf3.jpg,',0,0,'admin','2020-02-15 14:01:11','admin','2020-03-12 14:32:30'),
(7,2,'aaabbcc','aaabbcc','<p>aaabbcc</p>','/upload/image/2020/2/17/e2af012371464dad9e638e028d0e6cd8.jpg,',0,0,'admin','2020-02-15 16:00:23','admin','2020-02-17 17:58:36'),
(8,2,'新功能加入','我们又有新的功能加入了','<p>我们又有新的功能加入了我们又有新的功能加入了我们又有新的功能加入了我们又有新的功能加入了我们又有新的功能加入了我们又有新的功能加入了我们又有新的功能加入了我们又有新的功能加入了我们又有新的功能加入了我们又有新的功能加入了我们又有新的功能加入了</p>','/upload/image/2020/2/17/45f6f9067e294a0e959a43ede5645336.jpg,',2,0,'admin','2020-02-17 17:57:34',NULL,NULL),
(9,4,'董要的我工','我的我人铝合金我苛 我肷欠欠你 欠q','<p>我的我人铝合金我苛 我肷欠欠你 欠q我的我人铝合金我苛 我肷欠欠你 欠q我的我人铝合金我苛 我肷欠欠你 欠q我的我人铝合金我苛 我肷欠欠你 欠q我的我人铝合金我苛 我肷欠欠你 欠q</p>','/upload/image/2020/2/17/e0d0fb1b87f44ada94e2464c29757188.jpg,',30,0,'admin','2020-02-17 17:58:11',NULL,NULL),
(14,1,'卖了卖了卖了','卖了卖了卖了卖了卖了卖了卖了卖了卖了卖了卖了卖了卖了卖了卖了卖了卖了卖了','<p>卖了卖了卖了卖了卖了卖了卖了卖了卖了卖了卖了卖了卖了卖了卖了卖了卖了卖了卖了卖了卖了</p>','',0,0,'admin','2020-02-21 16:51:55',NULL,NULL),
(15,1,'1212','1212','<p>1212</p>','',2,0,'admin','2020-02-28 19:09:13','admin','2020-02-28 19:11:18'),
(16,1,'1234','123r','<p>123rg</p>','',3,0,'admin','2020-02-28 19:09:46','admin','2020-02-28 19:10:30'),
(17,1,'wwqq','qqww','<p>qqwwee</p>','',25,1,'admin','2020-03-02 16:12:02','admin','2020-03-12 16:35:08');



INSERT INTO `recharge_record` (`id`,`recharge_amount`,`consume_amount`,`alipay_order_num`,`alipay_trade_num`,`wechat_order_num`,`wechat_trade_num`,`account_yue`,`user_id`,`create_user`,`create_date`,`update_user`,`update_date`)
VALUES (1,100,NULL,'202022617487213','2020022622001400291000109627',NULL,NULL,103,11,'long123','2020-02-26 17:49:49',NULL,NULL),
(2,NULL,50,NULL,NULL,NULL,NULL,950,1,'admin','2020-02-28 19:00:59',NULL,NULL),
(3,NULL,50,NULL,NULL,NULL,NULL,900,1,'admin','2020-02-28 19:02:39',NULL,NULL),
(4,NULL,50,NULL,NULL,NULL,NULL,850,1,'admin','2020-02-28 19:03:47',NULL,NULL),
(5,NULL,0,NULL,NULL,NULL,NULL,850,1,'admin','2020-02-29 18:57:59',NULL,NULL),
(6,NULL,10,NULL,NULL,NULL,NULL,840,1,'admin','2020-03-01 10:59:39',NULL,NULL),
(7,NULL,10,NULL,NULL,NULL,NULL,830,1,'admin','2020-03-01 11:03:21',NULL,NULL),
(8,NULL,10,NULL,NULL,NULL,NULL,820,1,'admin','2020-03-01 11:05:31',NULL,NULL),
(9,NULL,10,NULL,NULL,NULL,NULL,810,1,'admin','2020-03-01 11:06:14',NULL,NULL),
(10,NULL,10,NULL,NULL,NULL,NULL,800,1,'admin','2020-03-01 11:08:44',NULL,NULL),
(11,NULL,10,NULL,NULL,NULL,NULL,790,1,'admin','2020-03-01 14:17:06',NULL,NULL),
(12,NULL,10,NULL,NULL,NULL,NULL,780,1,'admin','2020-03-01 14:25:09',NULL,NULL),
(13,NULL,10,NULL,NULL,NULL,NULL,770,1,'admin','2020-03-01 14:38:13',NULL,NULL),
(14,NULL,10,NULL,NULL,NULL,NULL,760,1,'admin','2020-03-01 15:09:17',NULL,NULL),
(15,NULL,100,NULL,NULL,NULL,NULL,660,1,'admin','2020-03-01 15:12:09',NULL,NULL),
(16,NULL,100,NULL,NULL,NULL,NULL,560,1,'admin','2020-03-01 15:44:42',NULL,NULL),
(17,NULL,100,NULL,NULL,NULL,NULL,460,1,'admin','2020-03-01 15:49:47',NULL,NULL),
(18,NULL,50,NULL,NULL,NULL,NULL,410,1,'admin','2020-03-03 09:18:01',NULL,NULL),
(19,NULL,50,NULL,NULL,NULL,NULL,360,1,'admin','2020-03-09 11:13:55',NULL,NULL),
(20,NULL,50,NULL,NULL,NULL,NULL,310,1,'admin','2020-03-12 14:40:52',NULL,NULL),
(21,NULL,50,NULL,NULL,NULL,NULL,260,1,'admin','2020-03-12 14:41:00',NULL,NULL),
(22,NULL,1000,NULL,NULL,NULL,NULL,-740,1,'admin','2020-03-12 15:16:46',NULL,NULL),
(23,NULL,1000,NULL,NULL,NULL,NULL,9000,1,'admin','2020-03-12 16:57:29',NULL,NULL),
(24,NULL,1000,NULL,NULL,NULL,NULL,8000,1,'admin','2020-03-12 17:38:00',NULL,NULL),
(25,NULL,1000,NULL,NULL,NULL,NULL,7000,1,'admin','2020-03-12 17:56:03',NULL,NULL),
(26,NULL,1000,NULL,NULL,NULL,NULL,6000,1,'admin','2020-03-12 18:46:13',NULL,NULL),
(27,NULL,50,NULL,NULL,NULL,NULL,5950,1,'admin','2020-03-26 13:47:56',NULL,NULL),
(28,NULL,50,NULL,NULL,NULL,NULL,5900,1,'admin','2020-03-26 13:55:17',NULL,NULL),
(29,NULL,50,NULL,NULL,NULL,NULL,5850,1,'admin','2020-03-26 14:11:26',NULL,NULL),
(30,NULL,50,NULL,NULL,NULL,NULL,5800,1,'admin','2020-03-26 14:24:09',NULL,NULL),
(31,NULL,50,NULL,NULL,NULL,NULL,5750,1,'admin','2020-03-26 14:25:27',NULL,NULL),
(32,NULL,50,NULL,NULL,NULL,NULL,5700,1,'admin','2020-03-26 22:17:36',NULL,NULL),
(33,1,NULL,NULL,NULL,'2020327135756956',NULL,10,12,'123aaa','2020-03-27 14:01:08',NULL,NULL),
(34,1,NULL,NULL,NULL,'2020327135756956',NULL,20,12,'123aaa','2020-03-27 14:01:13',NULL,NULL),
(35,1,NULL,NULL,NULL,'202032714714614',NULL,30,12,'123aaa','2020-03-27 14:07:32',NULL,NULL),
(36,1,NULL,NULL,NULL,'202032714714614',NULL,40,12,'123aaa','2020-03-27 14:07:37',NULL,NULL),
(37,1,NULL,NULL,NULL,'202032714714614',NULL,50,12,'123aaa','2020-03-27 14:07:47',NULL,NULL);



INSERT INTO `roof_place` (`id`,`module_type`,`module_type_id`,`authorize_state`,`top_duration`,`top_start_time`,`top_end_time`,`create_user`,`create_date`,`update_user`,`update_date`)
VALUES (17,1,50,2,2,'2020-03-11 09:44:14','2020-03-13 09:44:14','admin','2020-03-11 09:42:51','admin','2020-03-11 09:44:14'),
(18,2,14,1,20,'2020-03-12 14:30:11','2020-04-01 14:30:11','admin','2020-03-12 14:30:11','admin','2020-03-12 14:52:52'),
(19,4,6,2,20,'2020-03-12 14:32:30','2020-04-01 14:32:30','admin','2020-03-12 14:32:30',NULL,NULL),
(24,1,51,2,20,'2020-03-12 14:54:52','2020-04-01 14:54:52','admin','2020-03-12 14:54:52',NULL,NULL),
(25,1,52,2,20,'2020-03-12 14:59:33','2020-04-01 14:59:33','admin','2020-03-12 14:59:33',NULL,NULL),
(26,1,53,2,20,'2020-03-12 14:59:40','2020-04-01 14:59:40','admin','2020-03-12 14:59:40',NULL,NULL),
(27,1,54,2,20,'2020-03-12 14:59:56','2020-04-01 14:59:56','admin','2020-03-12 14:59:56',NULL,NULL),
(28,1,55,2,20,'2020-03-12 14:59:58','2020-04-01 14:59:58','admin','2020-03-12 14:59:58',NULL,NULL),
(29,1,58,2,20,'2020-03-12 14:59:59','2020-04-01 14:59:59','admin','2020-03-12 14:59:59',NULL,NULL),
(30,1,57,2,20,'2020-03-12 14:59:59','2020-04-01 14:59:59','admin','2020-03-12 14:59:59',NULL,NULL),
(31,1,56,2,20,'2020-03-12 14:59:59','2020-04-01 14:59:59','admin','2020-03-12 14:59:59',NULL,NULL),
(32,1,59,2,20,'2020-03-12 14:59:59','2020-04-01 14:59:59','admin','2020-03-12 14:59:59',NULL,NULL),
(33,1,60,2,20,'2020-03-12 14:59:59','2020-04-01 14:59:59','admin','2020-03-12 14:59:59',NULL,NULL),
(34,1,61,2,20,'2020-03-12 15:00:00','2020-04-01 15:00:00','admin','2020-03-12 15:00:00',NULL,NULL),
(35,1,62,2,20,'2020-03-12 15:00:01','2020-04-01 15:00:01','admin','2020-03-12 15:00:01',NULL,NULL),
(36,1,63,2,20,'2020-03-26 21:29:24','2020-04-15 21:29:24','admin','2020-03-12 15:00:01','admin','2020-03-26 21:29:24'),
(37,3,25,2,20,'2020-03-26 21:33:49','2020-04-15 21:33:49','admin','2020-03-12 15:01:46','admin','2020-03-26 21:33:49'),
(40,4,17,2,20,'2020-03-12 16:35:09','2020-04-01 16:35:09','admin','2020-03-12 16:35:09',NULL,NULL),
(41,1,66,2,10,'2020-03-12 17:01:58','2020-03-22 17:01:58','admin','2020-03-12 16:58:19','admin','2020-03-12 17:01:58');



INSERT INTO `task_release` (`id`,`task_category`,`intellectual_property`,`industry_belongs`,`purpose`,`detailed_desc`,`real_name`,`mobile`,`state`,`user_id`,`browse_volume`,`create_user`,`create_date`,`update_user`,`update_date`)
VALUES (1,2,2,10,'烹炒煎炸','<p>色香味俱全，鱼香肉丝，宫保鸡丁</p>',NULL,NULL,2,1,0,'admin','2020-01-15 15:15:30',NULL,NULL),
(2,1,1,1,'要工工要工工要工工要工工要工工要工工要工工要工工要工工要工工要工工要工工要工工要工工要工工要工工要工工要工工要工工要工工要工工要工工要工工要工工要工工要工工要工工要工工要工工要工工要工工要工工要工工要工工要工工要工工要工工要工工要工工要工工要工工要工工要工工','<p>要工工要工工要工工要工工要工工要工工要工工要工工要工工要工工要工工要工工要工工要工工要工工要工工要工工要工工要工工要工工要工工要工工要工工要工工要工工要工工要工工要工工要工工要工工要工工要工工要工工要工工要工工要工工要工工要工工要工工要工工要工工要工工要工工要工工要工工要工工要工工要工工要工工要工工要工工要工工要工工要工工要工工要工工要工工要工工要工工要工工要工工要工工要工工要工工要工工要工工要工工要工工要工工要工工要工工要工工要工工要工工要工工要工工要工工要工工要工工要工工要工工要工工要工工要工工要工工要工工要工工要工工要工工要工工要工工要工工要工工要工工要工工要工工要工工要工工要工工要工工要工工要工工要工工要工工要工工要工工要工工要工工要工工要工工要工工要工工要工工要工工要工工要工工要工工要工工要工工要工工要工工要工工要工工要工工要工工要工工要工工要工工要工工要工工要工工要工工要工工要工工要工工要工工要工工要工工要工工要工工要工工要工工要工工要工工要工工要工工要工工要工工要工工要工工要工工要工工要工工要工工要工工要工工要工工要工工要工工要工工要工工要工工要工工要工工要工工要工工要工工要工工要工工要工工要工工要工工要工工要工工要工工要工工要工工要工工要工工要工工要工工要工工要工工要工工要工工</p>',NULL,NULL,2,1,0,'admin','2020-02-13 20:24:34',NULL,NULL),
(3,2,5,2,'2121qqaacc','<p>dasda1122cc</p>',NULL,NULL,2,1,0,'admin','2020-02-15 16:03:16','admin','2020-02-17 08:44:14'),
(4,1,1,1,'ccdd','<p>ccdd</p>',NULL,NULL,2,1,0,'王五','2020-02-17 08:44:34',NULL,NULL),
(5,1,2,1,'生活中必不可少的东西','<p>在我们的生活中必不可少的东西</p>',NULL,NULL,2,1,0,'admin','2020-02-17 15:56:23',NULL,NULL),
(6,2,5,21,'采矿治金的东西','<p>采矿治金的东西工要地垢我楷</p>',NULL,NULL,2,1,0,'admin','2020-02-17 15:57:12',NULL,NULL),
(7,1,1,3,'黑化肥会发灰化学化工','<p>灰尘灰尘我经我的【；同与的别想啊&nbsp; &nbsp;的</p>',NULL,NULL,2,1,0,'admin','2020-02-17 15:58:01',NULL,NULL),
(8,2,3,4,'要经的我的123','<p>工要在地一上是蝇中国我人有的入&nbsp; 产不</p>',NULL,NULL,2,1,0,'admin','2020-02-17 15:58:38',NULL,NULL),
(9,1,1,1,'工的人铁人的我人的你人的我人 的我','<p>我人的人我人的你人的你人的我我的</p>',NULL,NULL,2,1,0,'admin','2020-02-17 15:59:07',NULL,NULL),
(10,2,1,1,'苛人我的工可轨惭国；脸刷卡刷卡田可以權临时卡里的撒开绿灯撒开绿灯撒剌，或','<p>飒飒打撒考虑到就立刻极其无聊就拉上达拉斯角度来讲辊了就撒了觉得萨力克蠴可是垃圾拉萨机拉丝机道路喀什</p>',NULL,NULL,2,1,0,'admin','2020-02-17 15:59:36',NULL,NULL),
(13,1,1,1,'卖了卖了卖了卖了卖了卖了卖了卖了卖了卖了卖了卖了卖了卖了','<p>卖了卖了卖了卖了卖了卖了卖了卖了卖了卖了卖了卖了卖了卖了</p>',NULL,NULL,2,1,1,'admin','2020-02-21 16:50:50','admin','2020-03-12 14:48:21'),
(14,1,1,1,'1212','<p>1212</p>',NULL,NULL,1,1,0,'张三','2020-02-27 19:43:44',NULL,NULL),
(15,2,3,6,'rrrwew','<p>erwrwr</p>',NULL,NULL,1,1,0,'admin','2020-02-27 19:45:07',NULL,NULL),
(16,1,1,1,'fdsfds','<p>dsfsfs</p>',NULL,NULL,1,1,0,'admin','2020-02-27 19:47:08',NULL,NULL),
(18,1,1,1,'wewqe','<p>ewqeqe</p>',NULL,NULL,0,1,0,'admin','2020-02-28 09:22:25','admin','2020-02-28 18:07:50'),
(20,1,1,1,'1212','<p>1212</p>',NULL,NULL,1,1,0,'admin','2020-02-28 18:08:19',NULL,NULL),
(21,1,1,1,'2131','<p>3123</p>',NULL,NULL,1,1,0,'admin','2020-02-28 18:08:55','admin','2020-02-28 18:39:58'),
(22,1,1,1,'234323111','<p>23323111</p>',NULL,NULL,2,1,0,'李四','2020-02-28 18:40:33','admin','2020-02-28 18:42:05'),
(23,1,1,1,' 萨达要工啊飒飒','<p>&nbsp;萨达要工啊飒飒&nbsp;萨达要工啊飒飒&nbsp;萨达要工啊飒飒&nbsp;萨达要工啊飒飒&nbsp;萨达要工啊飒飒&nbsp;萨达要工啊飒飒&nbsp;萨达要工啊飒飒</p>',NULL,NULL,2,1,0,'admin','2020-03-05 20:47:30',NULL,NULL),
(24,1,1,1,' 萨达要工啊飒飒','<p>&nbsp;萨达要工啊飒飒&nbsp;萨达要工啊飒飒&nbsp;萨达要工啊飒飒&nbsp;萨达要工啊飒飒&nbsp;萨达要工啊飒飒&nbsp;萨达要工啊飒飒&nbsp;萨达要工啊飒飒</p>','李四','17330538879',2,1,0,'admin','2020-03-05 20:47:46','admin','2020-03-26 21:53:02'),
(25,2,1,1,'工以的工的工工工的工工工','<p>工以的工的工工工的工工工工以的工的工工工的工工工工以的工的工工工的工工工工以的工的工工工的工工工工以的工的工工工的工工工</p>','李四','15020311234',2,1,0,'admin','2020-03-05 20:49:25','admin','2020-03-26 21:33:48');



INSERT INTO `trade_authorize` (`id`,`authorize_style`,`authorize_result`,`name`,`company_name`,`company_person`,`business_license`,`id_card`,`license_picture`,`user_id`,`create_user`,`create_date`,`update_user`,`update_date`)
VALUES (1,1,3,NULL,'公司公司','王五','123456',NULL,NULL,12,'123aaa','2020-02-29 19:39:44','admin','2020-03-07 11:15:37'),
(6,NULL,NULL,NULL,NULL,NULL,NULL,NULL,NULL,NULL,'admin123','2020-02-29 19:44:32',NULL,NULL),
(8,NULL,NULL,NULL,NULL,NULL,NULL,NULL,NULL,NULL,'admin123','2020-02-29 19:48:28',NULL,NULL),
(9,1,3,NULL,'给我工公司','长在','213213232131312',NULL,NULL,NULL,'admin123','2020-02-29 20:12:50','admin','2020-03-07 10:44:41'),
(11,1,2,NULL,'给我工公司123','长在123','21321323213131333445',NULL,'/upload/image/2020/3/7/6ba3763da0da4b779407cd4d059759e2.jpg,',1,'admin123','2020-02-29 20:20:10','admin','2020-03-07 10:44:17'),
(13,2,NULL,'张三',NULL,NULL,NULL,'130225199404140021',NULL,12,'123aaa','2020-03-26 20:31:13',NULL,NULL);



INSERT INTO `user` (`id`,`user_name`,`pass_word`,`mobile`,`id_card`,`head_portrait`,`identity`,`authorize_type`,`virtual_coin`,`account_yue`,`free_message_num`)
VALUES (1,'admin','8cc96e98ab1ac80d9717','13730359322','130225198404010021','/upload/image/2020/2/20/ed6237bf55b54f75aa9209677b81e480.png,',2,1,10000,5700,89),
(9,'fda','2c9b5e5dc1c93f6ee959','13730359371','130183199506051567','/upload/image/2020/2/3/6363d4c9ee1846cba81af3c290c71f11.jpg,',2,2,23,23,23),
(11,'long123','9608a82e5a0fb219ccb2','17330538878','130225199404140012','/upload/image/2020/2/24/e3e4606a64284d08a1f8654ed3e8d42b.png,',2,1,3,3,3),
(12,'123aaa','cabd4e8a655bd90790e5','17330538879',NULL,'/upload/image/2020/2/16/ef2025949bfb488da97e32501cb69bf6.jpg,',2,4,0,50,10),
(23,'dsfsfsf','cebd7c8fd4086895a0fc','13730359372',NULL,'/upload/image/2020/2/29/32632c1c1bc344eea047b03e6d9dbd53.png,',2,0,NULL,0,3),
(24,'asdsad','67ea562ed1b92b34496f','13730359373','130183199403051322','/upload/image/2020/2/29/a93a3fce633e4426b357626e98c268b6.jpg,',1,1,121,121,121),
(27,'aabbbcc','8cc96e98ab1ac80d9717','13730359371',NULL,'/upload/image/2020/3/13/521e879840c6403a8faf3d2851cf3f2b.jpg,',2,0,NULL,0,5),
(28,'long1234','c2fc65e1da88f855484b','17330538879',NULL,'/upload/image/2020/3/14/84c0f4910c8a4747a07b8b2889974f0c.png,',2,1,0,0,5),
(29,'ass','d78123d7a46fcfdb5b3c','13730359322','dfs','',1,1,1,1,1),
(30,'2342','45c0d881fbbcb19ee661','17330538881','fds3','',1,1,0,1212,212);
